{
  "large_area_code": "Z011",
  "large_area_name": "東京",
  "middle_areas": [
    {
      "code": "Y055",
      "name": "新宿"
    },
    {
      "code": "Y030",
      "name": "渋谷"
    },
    {
      "code": "Y050",
      "name": "池袋"
    },
    {
      "code": "Y010",
      "name": "東京・大手町・日本橋・人形町"
    },
    {
      "code": "Y005",
      "name": "銀座・有楽町・新橋・築地・月島"
    },
    {
      "code": "Y015",
      "name": "上野・御徒町・浅草"
    },
    {
      "code": "Y020",
      "name": "神田・神保町・秋葉原・御茶ノ水"
    },
    {
      "code": "Y025",
      "name": "品川･目黒･田町･浜松町･五反田"
    },
    {
      "code": "Y045",
      "name": "赤坂・六本木・麻布十番・西麻布"
    },
    {
      "code": "Y035",
      "name": "原宿・青山・表参道"
    },
    {
      "code": "Y040",
      "name": "恵比寿・中目黒・代官山・広尾"
    },
    {
      "code": "Y006",
      "name": "水道橋・飯田橋・神楽坂"
    },
    {
      "code": "Y007",
      "name": "お台場"
    },
    {
      "code": "Y060",
      "name": "中野・高円寺・阿佐ヶ谷・方南町"
    },
    {
      "code": "Y070",
      "name": "下北沢・代々木上原"
    },
    {
      "code": "Y046",
      "name": "自由が丘・田園調布"
    },
    {
      "code": "Y074",
      "name": "桜新町・用賀・二子玉川"
    },
    {
      "code": "Y017",
      "name": "錦糸町・浅草橋・両国・亀戸"
    },
    {
      "code": "Y018",
      "name": "門前仲町・東陽町・木場・葛西"
    },
    {
      "code": "Y016",
      "name": "北千住・日暮里・葛飾・荒川"
    }
  ]
}
